Turbine.M_2;Turbine.M_2
1.17351;1.17351
1.17351;1.17351
1.17351;1.17351
1.35513;****
