Turbine.M_2;Turbine.U;Turbine.M_2
1.04235;586.894;1.04235
1.04235;586.894;1.04235
1.04235;586.894;1.04235
1.04235;586.894;1.04235
